plan_id,strategy,scenario_id,feasible,hard_violations,reference_breaches,total_expense_mln,discounted_expense_mln,cost_per_served_t_mln,pv_per_served_t_mln,served_total_t,demand_total_t,shortage_total_t,shortage_critical_t,SL_total_min,SL_critical_min,cumulative_capex_mln,capex_through_2037_mln,capex_headroom_2037_mln,closing_inventory_t,min_reserve_margin_t,unused_flex_t,unused_emergency_t,procurement_mln,reservation_mln,holding_mln,opex_mln,capex_mln,violations
invalid_demo_no_earth_new,invalid_demo,BASE,False,15,0,8143.511036,6770.296157,7.554851,6.2809,1077.918137,1390.0,312.081863,9.809863,0.625594,0.953286,180.0,180.0,1620.0,0.0,-48.082192,572.917543,480.0,6949.859938,780.0,55.551491,60.0,180.0,BASE_CRITICAL_SERVICE@2039; BASE_TOTAL_SERVICE@2038; BASE_TOTAL_SERVICE@2039; BASE_TOTAL_SERVICE@2040; RESERVE_45D@2038-01-01; RESERVE_45D@2039-01-01; RESERVE_45D@2040-01-01; SOURCE_NOT_AVAILABLE@2037; SOURCE_NOT_AVAILABLE@2037-07-01; SOURCE_NOT_AVAILABLE@2038; SOURCE_NOT_AVAILABLE@2038-01-01; SOURCE_NOT_AVAILABLE@2039; SOURCE_NOT_AVAILABLE@2039-01-01; SOURCE_NOT_AVAILABLE@2040; SOURCE_NOT_AVAILABLE@2040-01-01
invalid_demo_no_earth_new,invalid_demo,MANDATORY_STRESS,False,11,6,8760.594088,7256.792947,8.127328,6.73223,1077.918137,1534.0,456.081863,75.029863,0.543995,0.828945,180.0,180.0,1620.0,0.0,-55.294521,572.917543,480.0,7566.94299,780.0,55.551491,60.0,180.0,RESERVE_45D@2038-01-01; RESERVE_45D@2039-01-01; RESERVE_45D@2040-01-01; SOURCE_NOT_AVAILABLE@2037; SOURCE_NOT_AVAILABLE@2037-07-01; SOURCE_NOT_AVAILABLE@2038; SOURCE_NOT_AVAILABLE@2038-01-01; SOURCE_NOT_AVAILABLE@2039; SOURCE_NOT_AVAILABLE@2039-01-01; SOURCE_NOT_AVAILABLE@2040; SOURCE_NOT_AVAILABLE@2040-01-01
S0,S0,BASE,True,0,0,12043.624064,9732.818247,8.664478,7.002028,1390.0,1390.0,0.0,0.0,1.0,1.0,180.0,180.0,1620.0,48.082192,0.0,366.193942,352.641562,10736.076597,780.0,169.44786,60.0,180.0,
S0,S0,MANDATORY_STRESS,False,3,2,12947.006013,10447.527516,9.002967,7.264903,1438.082192,1534.0,95.917808,0.0,0.837101,1.0,180.0,180.0,1620.0,0.0,-55.294521,366.193942,352.641562,11729.517948,780.0,79.388458,60.0,180.0,RESERVE_45D@2038-01-01; RESERVE_45D@2039-01-01; RESERVE_45D@2040-01-01
S0_stress_prepared,S0,BASE,False,3,0,13665.000917,11064.4774,9.830936,7.960056,1390.0,1390.0,0.0,0.0,1.0,1.0,180.0,180.0,1620.0,104.411397,0.071233,254.24258,320.0,12182.897267,780.0,344.004044,60.0,180.0,STORAGE_OVERFLOW@2038; STORAGE_OVERFLOW@2039; STORAGE_OVERFLOW@2040
S0_stress_prepared,S0,MANDATORY_STRESS,False,2,0,14714.262428,11894.474784,9.592088,7.753895,1534.0,1534.0,0.0,0.0,1.0,1.0,180.0,180.0,1620.0,45.911397,0.071233,254.24258,320.0,13261.397267,780.0,314.765554,60.0,180.0,STORAGE_OVERFLOW@2039; STORAGE_OVERFLOW@2040
S0_stress_reactive,S0,BASE,False,4,0,14134.605615,11438.610477,10.168781,8.229216,1390.0,1390.0,0.0,0.0,1.0,1.0,180.0,180.0,1620.0,104.411397,0.071233,268.037101,249.205479,12683.690418,780.0,312.81559,60.0,180.0,EMERGENCY_BASE_STREAK@2035_2040; STORAGE_OVERFLOW@2038; STORAGE_OVERFLOW@2039; STORAGE_OVERFLOW@2040
S0_stress_reactive,S0,MANDATORY_STRESS,False,3,0,15097.439275,12198.056991,9.841877,7.951797,1534.0,1534.0,0.0,0.0,1.0,1.0,180.0,180.0,1620.0,45.911397,0.071233,268.037101,249.205479,13680.383569,780.0,278.9561,60.0,180.0,EMERGENCY_BASE_STREAK@2035_2040; STORAGE_OVERFLOW@2039; STORAGE_OVERFLOW@2040
S0min,S0min,BASE,True,0,0,11076.13401,9111.975516,7.968442,6.555378,1390.0,1390.0,0.0,0.0,1.0,1.0,180.0,180.0,1620.0,0.0,0.071233,287.501689,480.0,9678.891194,780.0,259.143209,60.0,180.0,
S0min,S0min,MANDATORY_STRESS,False,1,1,12063.313401,9894.840378,8.678643,7.11859,1390.0,1534.0,144.0,0.0,0.67893,1.0,180.0,180.0,1620.0,0.0,-47.194521,287.501689,480.0,10757.391194,780.0,167.8226,60.0,180.0,RESERVE_45D@2040-01-01
S0min_stress_prepared,S0min,BASE,False,2,0,11474.236264,9458.296136,8.254846,6.80453,1390.0,1390.0,0.0,0.0,1.0,1.0,180.0,180.0,1620.0,1.987945,0.071233,246.712216,480.0,10041.91751,780.0,294.219147,60.0,180.0,STORAGE_OVERFLOW@2038; STORAGE_OVERFLOW@2039
S0min_stress_prepared,S0min,MANDATORY_STRESS,False,3,1,12503.513611,10273.693763,8.746848,7.186975,1429.487945,1534.0,104.512055,0.0,0.766974,1.0,180.0,180.0,1620.0,0.0,-7.706575,246.712216,480.0,11120.41751,780.0,244.996494,60.0,180.0,RESERVE_45D@2040-01-01; STORAGE_OVERFLOW@2038; STORAGE_OVERFLOW@2039
S0min_stress_reactive,S0min,BASE,False,3,0,13610.29758,10992.185832,9.791581,7.908047,1390.0,1390.0,0.0,0.0,1.0,1.0,180.0,180.0,1620.0,104.411397,0.071233,303.053018,261.699684,12199.628735,780.0,272.569238,60.0,180.0,EMERGENCY_BASE_STREAK@2035_2040; STORAGE_OVERFLOW@2039; STORAGE_OVERFLOW@2040
S0min_stress_reactive,S0min,MANDATORY_STRESS,False,1,0,14505.232509,11701.336039,9.455823,7.62799,1534.0,1534.0,0.0,0.0,1.0,1.0,180.0,180.0,1620.0,0.0,-0.0,303.053018,261.699684,13196.321886,780.0,170.811017,60.0,180.0,EMERGENCY_BASE_STREAK@2035_2040
S1_new18,S1_new18,BASE,True,0,0,11379.084025,9341.559334,8.186391,6.720546,1390.0,1390.0,0.0,0.0,1.0,1.0,540.0,540.0,1260.0,48.082192,-0.0,572.917543,480.0,9561.972579,936.0,163.011839,60.0,540.0,
S1_new18,S1_new18,MANDATORY_STRESS,False,2,2,11916.570422,9768.339091,8.286432,6.792615,1438.082192,1534.0,95.917808,0.0,0.869565,1.0,540.0,540.0,1260.0,0.0,-55.294521,572.917543,480.0,10179.055631,936.0,83.415185,60.0,540.0,RESERVE_45D@2039-01-01; RESERVE_45D@2040-01-01
S1_new18_stress_prepared,S1_new18,BASE,False,2,0,12777.286974,10407.531366,9.192293,7.487433,1390.0,1390.0,0.0,0.0,1.0,1.0,540.0,540.0,1260.0,118.931507,0.071233,463.813777,480.0,10845.006659,936.0,278.180708,60.0,540.0,STORAGE_OVERFLOW@2039; STORAGE_OVERFLOW@2040
S1_new18_stress_prepared,S1_new18,MANDATORY_STRESS,True,0,0,13472.730987,10954.948366,8.782745,7.141427,1534.0,1534.0,0.0,0.0,1.0,1.0,540.0,540.0,1260.0,55.294521,-0.0,463.813777,480.0,11626.385063,936.0,192.246317,60.0,540.0,
S1_new18_stress_reactive,S1_new18,BASE,False,2,0,12966.137052,10539.055786,9.328156,7.582055,1390.0,1390.0,0.0,0.0,1.0,1.0,540.0,540.0,1260.0,118.931507,0.071233,443.815995,456.052632,11041.450035,936.0,270.587411,60.0,540.0,STORAGE_OVERFLOW@2039; STORAGE_OVERFLOW@2040
S1_new18_stress_reactive,S1_new18,MANDATORY_STRESS,True,0,0,13691.409815,11114.87454,8.9253,7.245681,1534.0,1534.0,0.0,0.0,1.0,1.0,540.0,540.0,1260.0,55.294521,-0.0,443.815995,456.052632,11867.323503,936.0,169.986705,60.0,540.0,
S1_new24,S1_new24,BASE,True,0,0,11326.02854,9293.02576,8.148222,6.68563,1390.0,1390.0,0.0,0.0,1.0,1.0,540.0,540.0,1260.0,48.082192,-0.0,572.917543,480.0,9538.083409,916.660274,153.18525,60.0,540.0,
S1_new24,S1_new24,MANDATORY_STRESS,False,3,2,11863.514937,9719.805518,8.249539,6.758866,1438.082192,1534.0,95.917808,0.0,0.869565,1.0,540.0,540.0,1260.0,0.0,-55.294521,572.917543,480.0,10155.166461,916.660274,73.588596,60.0,540.0,RESERVE_45D@2038-01-01; RESERVE_45D@2039-01-01; RESERVE_45D@2040-01-01
S1_new24,S1_new24,LOW_DEMAND,False,3,0,11571.957132,9492.573022,10.406436,8.536487,1112.0,1112.0,0.0,0.0,1.0,1.0,540.0,540.0,1260.0,119.145205,2.536986,572.917543,480.0,9538.083409,916.660274,399.113842,60.0,540.0,STORAGE_OVERFLOW@2038; STORAGE_OVERFLOW@2039; STORAGE_OVERFLOW@2040
S1_new24,S1_new24,HIGH_DEMAND,False,5,4,11204.128863,9195.817661,7.791021,6.394501,1438.082192,1673.0,234.917808,0.0,0.8,1.0,540.0,540.0,1260.0,0.0,-60.10274,572.917543,480.0,9538.083409,916.660274,31.285574,60.0,540.0,RESERVE_45D@2035-01-01; RESERVE_45D@2037-01-01; RESERVE_45D@2038-01-01; RESERVE_45D@2039-01-01; RESERVE_45D@2040-01-01
S1_new24_margin10,S1_new24_margin10,BASE,True,0,0,11369.603505,9328.823544,8.179571,6.711384,1390.0,1390.0,0.0,0.0,1.0,1.0,540.0,540.0,1260.0,52.890411,0.071233,572.044047,480.0,9571.401029,916.660274,163.442595,60.0,540.0,
S1_new24_margin10,S1_new24_margin10,MANDATORY_STRESS,False,3,2,11902.710572,9752.435112,8.249213,6.758958,1442.890411,1534.0,91.109589,0.0,0.869565,1.0,540.0,540.0,1260.0,0.0,-55.294521,572.044047,480.0,10190.427608,916.660274,77.523083,60.0,540.0,RESERVE_45D@2038-01-01; RESERVE_45D@2039-01-01; RESERVE_45D@2040-01-01
S1_new24_margin10,S1_new24_margin10,LOW_DEMAND,False,4,0,11606.426429,9521.463805,10.437434,8.562467,1112.0,1112.0,0.0,0.0,1.0,1.0,540.0,540.0,1260.0,119.145205,2.536986,572.044047,480.0,9571.401029,916.660274,400.265519,60.0,540.0,STORAGE_OVERFLOW@2037; STORAGE_OVERFLOW@2038; STORAGE_OVERFLOW@2039; STORAGE_OVERFLOW@2040
S1_new24_margin10,S1_new24_margin10,HIGH_DEMAND,False,5,4,11237.911678,9224.101972,7.788472,6.392795,1442.890411,1673.0,230.109589,0.0,0.8,1.0,540.0,540.0,1260.0,0.0,-60.10274,572.044047,480.0,9571.401029,916.660274,31.750769,60.0,540.0,RESERVE_45D@2035-01-01; RESERVE_45D@2037-01-01; RESERVE_45D@2038-01-01; RESERVE_45D@2039-01-01; RESERVE_45D@2040-01-01
S1_new24_margin10_stress_prepared,S1_new24_margin10,BASE,False,2,0,12767.263489,10396.669272,9.185082,7.479618,1390.0,1390.0,0.0,0.0,1.0,1.0,540.0,540.0,1260.0,118.931507,0.071233,462.809257,480.0,10855.221255,916.660274,277.282353,60.0,540.0,STORAGE_OVERFLOW@2039; STORAGE_OVERFLOW@2040
S1_new24_margin10_stress_prepared,S1_new24_margin10,MANDATORY_STRESS,True,0,0,13471.139039,10950.319953,8.781707,7.138409,1534.0,1534.0,0.0,0.0,1.0,1.0,540.0,540.0,1260.0,60.823973,0.071233,462.809257,480.0,11638.834716,916.660274,197.544442,60.0,540.0,
S1_new24_margin10_stress_prepared,S1_new24_margin10,LOW_DEMAND,False,4,0,12891.943124,10505.1678,11.593474,9.447093,1112.0,1112.0,0.0,0.0,1.0,1.0,540.0,540.0,1260.0,119.145205,2.536986,462.809257,480.0,10855.221255,916.660274,401.961989,60.0,540.0,STORAGE_OVERFLOW@2037; STORAGE_OVERFLOW@2038; STORAGE_OVERFLOW@2039; STORAGE_OVERFLOW@2040
S1_new24_margin10_stress_prepared,S1_new24_margin10,HIGH_DEMAND,False,5,2,12525.785102,10209.601138,7.854024,6.40171,1594.823973,1673.0,78.176027,0.0,0.876753,1.0,540.0,540.0,1260.0,0.0,-57.525616,462.809257,480.0,10855.221255,916.660274,35.803966,60.0,540.0,RESERVE_45D@2035-01-01; RESERVE_45D@2037-01-01; RESERVE_45D@2038-01-01; RESERVE_45D@2039-01-01; RESERVE_45D@2040-01-01
S1_new24_margin10_stress_reactive,S1_new24_margin10,BASE,False,2,0,13043.063375,10604.508759,9.383499,7.629143,1390.0,1390.0,0.0,0.0,1.0,1.0,540.0,540.0,1260.0,118.931507,0.071233,412.549357,456.052632,11137.465924,916.660274,270.837571,60.0,540.0,STORAGE_OVERFLOW@2039; STORAGE_OVERFLOW@2040
S1_new24_margin10_stress_reactive,S1_new24_margin10,MANDATORY_STRESS,True,0,0,13766.039671,11177.836404,8.97395,7.286725,1534.0,1534.0,0.0,0.0,1.0,1.0,540.0,540.0,1260.0,60.823973,0.071233,412.549357,456.052632,11955.454222,916.660274,175.825568,60.0,540.0,
S1_new24_margin10_stress_reactive,S1_new24_margin10,LOW_DEMAND,False,4,0,13174.187793,10718.174101,11.847291,9.638646,1112.0,1112.0,0.0,0.0,1.0,1.0,540.0,540.0,1260.0,119.145205,2.536986,412.549357,456.052632,11137.465924,916.660274,401.961989,60.0,540.0,STORAGE_OVERFLOW@2037; STORAGE_OVERFLOW@2038; STORAGE_OVERFLOW@2039; STORAGE_OVERFLOW@2040
S1_new24_margin10_stress_reactive,S1_new24_margin10,HIGH_DEMAND,False,5,3,12806.053412,10421.034419,8.02976,6.534285,1594.823973,1673.0,78.176027,0.0,0.92,1.0,540.0,540.0,1260.0,0.0,-60.10274,412.549357,456.052632,11137.465924,916.660274,33.827607,60.0,540.0,RESERVE_45D@2035-01-01; RESERVE_45D@2037-01-01; RESERVE_45D@2038-01-01; RESERVE_45D@2039-01-01; RESERVE_45D@2040-01-01
S1_new24_stress_prepared,S1_new24,BASE,False,2,0,12723.34876,10360.030388,9.153488,7.453259,1390.0,1390.0,0.0,0.0,1.0,1.0,540.0,540.0,1260.0,118.931507,0.071233,463.813777,480.0,10816.905992,916.660274,271.682887,60.0,540.0,STORAGE_OVERFLOW@2039; STORAGE_OVERFLOW@2040
S1_new24_stress_prepared,S1_new24,MANDATORY_STRESS,True,0,0,13418.792772,10907.447388,8.747583,7.110461,1534.0,1534.0,0.0,0.0,1.0,1.0,540.0,540.0,1260.0,55.294521,0.0,463.813777,480.0,11598.284396,916.660274,185.748495,60.0,540.0,
S1_new24_stress_prepared,S1_new24,LOW_DEMAND,False,4,0,12852.469966,10472.086233,11.557977,9.417344,1112.0,1112.0,0.0,0.0,1.0,1.0,540.0,540.0,1260.0,119.145205,2.536986,463.813777,480.0,10816.905992,916.660274,400.804093,60.0,540.0,STORAGE_OVERFLOW@2037; STORAGE_OVERFLOW@2038; STORAGE_OVERFLOW@2039; STORAGE_OVERFLOW@2040
S1_new24_stress_prepared,S1_new24,HIGH_DEMAND,False,5,2,12485.712929,10176.097933,7.856135,6.402903,1589.294521,1673.0,83.705479,0.0,0.874717,1.0,540.0,540.0,1260.0,0.0,-58.518082,463.813777,480.0,10816.905992,916.660274,34.047056,60.0,540.0,RESERVE_45D@2035-01-01; RESERVE_45D@2037-01-01; RESERVE_45D@2038-01-01; RESERVE_45D@2039-01-01; RESERVE_45D@2040-01-01
S1_new24_stress_reactive,S1_new24,BASE,False,2,0,12988.634159,10558.765887,9.344341,7.596234,1390.0,1390.0,0.0,0.0,1.0,1.0,540.0,540.0,1260.0,118.931507,0.071233,417.272473,456.052632,11089.228375,916.660274,264.645904,60.0,540.0,STORAGE_OVERFLOW@2039; STORAGE_OVERFLOW@2040
S1_new24_stress_reactive,S1_new24,MANDATORY_STRESS,True,0,0,13703.495166,11126.085546,8.933178,7.252989,1534.0,1534.0,0.0,0.0,1.0,1.0,540.0,540.0,1260.0,55.294521,0.0,417.272473,456.052632,11904.690087,916.660274,164.045198,60.0,540.0,
S1_new24_stress_reactive,S1_new24,LOW_DEMAND,False,4,0,13124.792348,10676.4395,11.802871,9.601115,1112.0,1112.0,0.0,0.0,1.0,1.0,540.0,540.0,1260.0,119.145205,2.536986,417.272473,456.052632,11089.228375,916.660274,400.804093,60.0,540.0,STORAGE_OVERFLOW@2037; STORAGE_OVERFLOW@2038; STORAGE_OVERFLOW@2039; STORAGE_OVERFLOW@2040
S1_new24_stress_reactive,S1_new24,HIGH_DEMAND,False,5,3,12756.958648,10379.595637,8.026806,6.530945,1589.294521,1673.0,83.705479,0.0,0.92,1.0,540.0,540.0,1260.0,0.0,-60.10274,417.272473,456.052632,11089.228375,916.660274,32.970393,60.0,540.0,RESERVE_45D@2035-01-01; RESERVE_45D@2037-01-01; RESERVE_45D@2038-01-01; RESERVE_45D@2039-01-01; RESERVE_45D@2040-01-01
S2,S2,BASE,True,0,0,10875.301753,8997.694419,7.823958,6.473161,1390.0,1390.0,0.0,0.0,1.0,1.0,1430.0,1430.0,370.0,48.082192,0.0,550.606897,480.0,8118.237487,780.0,158.96466,270.0,1430.0,
S2,S2,MANDATORY_STRESS,False,3,3,11352.527941,9374.099109,8.377692,6.917694,1355.090192,1534.0,178.909808,0.0,0.812473,1.0,1430.0,1430.0,370.0,0.0,-55.294521,550.606897,480.0,8682.816198,780.0,71.612136,270.0,1430.0,RESERVE_45D@2038-01-01; RESERVE_45D@2039-01-01; RESERVE_45D@2040-01-01
S2_stress_prepared,S2,BASE,False,3,0,13002.478923,10663.654316,9.354301,7.671694,1390.0,1390.0,0.0,0.0,1.0,1.0,1430.0,1430.0,370.0,118.931507,0.071233,361.786588,480.0,10097.7556,780.0,306.623716,270.0,1430.0,STORAGE_OVERFLOW@2038; STORAGE_OVERFLOW@2039; STORAGE_OVERFLOW@2040
S2_stress_prepared,S2,MANDATORY_STRESS,True,0,0,13906.156822,11377.505047,9.065291,7.416887,1534.0,1534.0,0.0,0.0,1.0,1.0,1430.0,1430.0,370.0,55.294521,-0.0,361.786588,480.0,11090.591558,780.0,217.465658,270.0,1430.0,
S2_stress_reactive,S2,BASE,False,3,0,13536.681239,11063.675275,9.73862,7.959479,1390.0,1390.0,0.0,0.0,1.0,1.0,1430.0,1430.0,370.0,118.931507,0.071233,310.538182,426.019799,10646.375821,780.0,292.205811,270.0,1430.0,STORAGE_OVERFLOW@2038; STORAGE_OVERFLOW@2039; STORAGE_OVERFLOW@2040
S2_stress_reactive,S2,MANDATORY_STRESS,True,0,0,14314.72628,11678.253398,9.331634,7.612942,1534.0,1534.0,0.0,0.0,1.0,1.0,1430.0,1430.0,370.0,55.294521,-0.0,310.538182,426.019799,11551.660141,780.0,164.966532,270.0,1430.0,
S3,S3,BASE,True,0,0,11549.143038,9631.012253,8.308736,6.928786,1390.0,1390.0,0.0,0.0,1.0,1.0,1790.0,1790.0,10.0,48.082192,-0.0,660.275981,480.0,8272.031593,936.0,163.011839,270.0,1790.0,
S3,S3,MANDATORY_STRESS,False,2,3,11898.525162,9909.253859,8.605788,7.167017,1382.618917,1534.0,151.381083,0.0,0.812473,1.0,1790.0,1790.0,10.0,0.0,-55.294521,660.275981,480.0,8706.995067,936.0,77.430489,270.0,1790.0,RESERVE_45D@2039-01-01; RESERVE_45D@2040-01-01
S3_stress_prepared,S3,BASE,False,3,0,13072.010925,10791.678219,9.404324,7.763797,1390.0,1390.0,0.0,0.0,1.0,1.0,1790.0,1790.0,10.0,118.931507,0.071233,646.328612,480.0,9655.755485,936.0,302.155834,270.0,1790.0,STORAGE_OVERFLOW@2038; STORAGE_OVERFLOW@2039; STORAGE_OVERFLOW@2040
S3_stress_prepared,S3,MANDATORY_STRESS,True,0,0,13501.558352,11133.959387,8.801537,7.258122,1534.0,1534.0,0.0,0.0,1.0,1.0,1790.0,1790.0,10.0,55.294521,-0.0,646.328612,480.0,10212.247628,936.0,175.211117,270.0,1790.0,
S3_stress_reactive,S3,BASE,False,2,0,13532.382751,11149.368388,9.735527,8.021128,1390.0,1390.0,0.0,0.0,1.0,1.0,1790.0,1790.0,10.0,118.931507,0.071233,451.090147,480.0,10133.78551,936.0,284.497634,270.0,1790.0,STORAGE_OVERFLOW@2039; STORAGE_OVERFLOW@2040
S3_stress_reactive,S3,MANDATORY_STRESS,True,0,0,14183.423072,11666.445243,9.246039,7.605245,1534.0,1534.0,0.0,0.0,1.0,1.0,1790.0,1790.0,10.0,55.294521,0.0,451.090147,480.0,10902.444043,936.0,166.879423,270.0,1790.0,
